	caption_id	image_id	caption
0	0	10717	An older style kitchen with top and bottom cupboards placed around the central sink.
1	1	32	A bathroom with lots of windows, to let in lots of light, with a deep bathtub right in the middle.
2	2	5510	A blue and white nightstand next to a bed with a blue patterned pillow.
3	3	10719	A huge bright kitchen with vaulted ceilings over the very large kitchen island.
4	4	634	the image shows the inner part of a house kitchen with all the required things
5	5	11301	Cluttered living room with fireplace and an eclectic feel.
6	6	4218	This room has a queen sized bed with accent lights above it, as well as a comfortable sofa to relax on.
7	7	10754	A very small kitchenette with a microwave and hot plate to cook food.
8	8	14981	pantry full of items cluttered  storage  boxes and mail supply
9	9	1913	An upstairs room with vaulted ceilings and sunlights to let in the natural  light.
10	10	101485	A kitchen with brown cabinets and white walls.
11	11	9	A light colored bathroom with stand up shower.
12	12	8394	An upstairs game room with an ice hockey table and comfortable furniture.
13	13	2711	A dark bathroom in need of many upgrades and fixes.
14	14	5707	A closet filled with 2 rows of clothing behind a glass door.
15	15	2629	A very unique bathroom with flower style sink and toilet.
16	16	2887	Clean neutral bathroom with sink, toilet, clawfoot bathtub, and gauzy white curtains.
17	17	4456	The shutters are closed on the bottom half of the windows in the dining nook.
18	18	101306	Fancy luxurious dining area with plush chairs, seating for 8 and a gorgeous overhead chandelier.
19	19	11397	A comfy livingroom with bookshelves and furniture facing each other.
20	20	7115	This is a small dinning room area painted white with a picture frame hanging behind the kitchen table.
21	21	901	A rustic wood livingroom with a beautiful stone fireplace surrounded by furniture.
22	22	9576	A bedroom with nightstands that has an elaborate bed cover design and similar curtains.
23	23	11192	A large livingroom with dark blue carpet and a blue plaid fireplace.
24	24	11199	A large livingroom with a brick fireplace surrounded by comfortable furniture.
25	25	4178	This bedroom includes twin bed and shelving in a hollie hobbie-inspired decor.
26	26	352	Two small lamps on night stands flank a bed with blue covers.
27	27	10305	A big beautiful clean light filled kitchen oasis.
28	28	8444	The gray convertible is parked in the garage on the side with cabinets.
29	29	15191	Colonial style interior with maroon painted walls, early American furniture and a brick fireplace.
30	30	896	A living room with light colored walls and a wood floor. The room has a couch, armchair, wooden entertainment center, and a wood coffee table sitting on a decorative rug. The room has a sliding glass door and 2 windows along one wall.
31	31	16825	A beautiful front entryway featuring a spiral staircase with wrought iron handrail.
32	32	460	A luxurious bed sits across the room from a white lounge chair, in front of double windows and under a ceiling fan.
33	33	2657	I see a bath tub with windows next to it
34	34	1927	A beige attic room with three tall windows and a red floor.
35	35	101098	A bathroom with river stone walls, tile floor and a white toilet.
36	36	4016	A tan colored bedroom with 2 large beds and a window to let in natural light.
37	37	11126	Japanses style room with large square table and sliding paper doors.
38	38	11319	A long livingroom with fireplace and round entrance way.
39	39	944	A pantry shelf stocked with basic cooking ingredients.
40	40	15538	A den with a brown leather couch and a billiard table.
41	41	10650	A well lit kitchen with oak cabinets and a bar.
42	42	10895	A laundrymat with heavy duty, stainless steel, front loading washers.
43	43	9670	A woman is sitting on a bed and is rummaging through a bag.
44	44	2781	bathroom shot with a white bath tub and pink tile wall
45	45	101512	living room with two wood and glass coffee tables and 2 white couches with red pillows
46	46	101469	A kitchen with electric stove and white cupboards.
47	47	100459	kitchen with a white stove and wooden cabinets with beige floor
48	48	3793	A bedroom with blue walls, a stand-up fan, and bamboo shade.
49	49	9542	a large center ceiling fan in a room with a king size bed
50	50	2584	This is a small sized washroom with white curtain showers and wooden floors includes a sink and a mirror.
51	51	606	This is a beautiful modern kitchen with wood counters, possibly granite counter tops, and stainless steal appliances.
52	52	2675	A bathroom complete with a shower, bathtub, and toilette.
53	53	10378	The kitchen is empty but neat and tidy.
54	54	192	An opened double pane window with valance across top
55	55	9581	bedroom with two beds and an amoir, a chest and a desk
56	56	11098	hardwood flooring with glass top table, zebra stripped chairs and a red couch
57	57	13899	A pink room for a baby complete with a crib and a chair for mother.
58	58	3721	bedroom with gray carpet and bed with peach comforter
59	59	647	kitchen with a dish washer, sink, white cabinets and a stove
60	60	9318	two cluttered desk by a window with lamps
61	61	4095	A bedroom or hotel room of 4 star quality.
62	62	24	bathroom with glass door shower and dark wooden sink area
63	63	100246	A bedroom is filled with beautiful white furniture.
64	64	319	an all white wall bedroom with white bed sheets and curtains
65	65	2481	This house basement is painted green there seems to be a bar in the corner and sitting area.
66	66	10284	kitchen with granite counter tops and wooden cabinets
67	67	8480	It's a mid-size storage unit or garage it's almost empty, there is one box on the floor.
68	68	10169	Bright spacious mordern kitchen with white cabinets and dark countertops, stainless steel applicances and wood floors.
69	69	20174	A kids' bedroom with wooden bunk beds and cheery yellow walls.
70	70	15169	This small living room contains a couch, a lamp, a book case, a fire place, wall art and a small window.
71	71	2735	bathroom with pink sink top and white cabinets
72	72	6773	A sunny breakfast nook with wooden and white painted table and chairs.
73	73	4113	a full sized rod iron bed frame with ruby red bedspreed
74	74	100317	all walls painted with many mural of trees and water
75	75	8393	"A mid-size entertaining room with wooden floors includes a pool table and a deer head 'trophy' on the wall."
76	76	6878	A dining area with wooden table and chairs in front of windows.
77	77	11303	Gray nested coffee tables sit in front of a modern white sofa.
78	78	4135	The bedroom has white cabinets and a black wire bed with white and black shset.s
79	79	13886	A white baby crib sits next to a small pink sofa in a tan carpeted room with white walls.
80	80	7233	An oval shaped breakfast table sits under a light, in front of a bay window and next to a door.
81	81	4086	Striped burgundy bedspreads cover two beds in a hotel room.
82	82	19938	An aquarium is around the corner from the stairs.
83	83	1968	Wallpaper and wood paneling cover the walls and ceiling in this room.
84	84	11308	A round, glass coffee table with an orchid on it sits in front of a modern brown leather couch in a room with wood floors and a rug.
85	85	2928	A pink sink is mounted under a circular mirror that is bordered by sconce lighting on either side.
86	86	7362	A ladder sits next to a bed and a sink sits in front of a window.
87	87	760	A living room with wood floors and two white couches bordering a tan rug.
88	88	56	It's a mid-size beige painted washroom with a dark sink cabinet and light brown shower curtain.
89	89	4094	It's a small sized child's bedroom with a twin size bed and beside is a night stand with a blue and white lamp.
90	90	101379	A man is laying on the floor of a garage which has many wood shelves on the wall and a stool with wooden legs sitting in the corner.
91	91	15419	A toy box sits next to a small TV and TV stand.
92	92	2779	A bathroom with a bathtub with curtain, a toilet, a sink and rugs.
93	93	5464	a kids bedroom with toys a twin bed and a shelf on the wall.
94	94	11332	A large, open living room-dining room combination featuring a chaise, chair and a dining room table.
95	95	6984	Its like a beautiful dining table with lightings.
96	96	100460	A kitchen with dark wood cabinets and a wood panel refrigerator.
97	97	101088	A blue and white diamond back splash is above a long rectangular pedestal sink.
98	98	3397	A canopy style bed with white linens sits in a room with two lamps and a sliding glass door that leads to a balcony overlooking the ocean.
99	99	6952	A rectangular dining table with four chairs sit under a chandelier with three pendants.
100	100	101099	A small bathroom with a small toilet tot the right of a small white sink.
101	101	11173	The living room has a blue carpet with a large white couch with pillows and large white windows
102	102	8395	A table tennis game its in the middle of a tan carpeted room and is surrounded by three red chairs and a blue sofa.
103	103	100095	A white sink is mounted to the left of a toilet.
104	104	10601	A medium wood stained kitchen set is centered under a gold and glass chandelier.
105	105	2721	a bathroom with a tub,sink and toilet.
106	106	5767	A very well organized closet with shelving, cabinets, a rug, and an ottoman.
107	107	19930	A kitchenette bar with wooden upper and lower cabinets and a wine refrigerator.
108	108	7205	The image is not working, the link is broken
109	109	11185	A purple couch sits behind a glass dining room table set with zebra striped chairs.
110	110	7137	It's a orange themed dinning room, with orage furniture and a flower bouquet as centre piece on the table.
111	111	7204	A rectangular dark wood dining table with six matching chairs sits in a small dining room under a light and in front of a wall with a floral arrangement painting hanging on it.
112	112	4452	A tan plush chair and a wood side table sit in front of a bay window.
113	113	2555	A white bathroom sink is mounted under a wood counter and sits under a rectangular mirror.
114	114	100484	A white sink is mounted on a white countertop and sits under a window with wood shelves on either side of it.
115	115	103	A bathroom with purple wallpaper has purple tiles bordering a white sink that sits under a gold bordered mirror.
116	116	7207	Dining area with red walls and lights hanging above the table.
117	117	2871	Old school looking bathroom with that yellow green coloring style
118	118	11148	Dark pillows are scattered about white couches in a lightly painted living room.
119	119	13881	A small bedroom with a bunk bed near a window.
120	120	3878	A tiny petite bedroom that has a large bed in it as the focal point
121	121	10701	Small breakroom with a microwave, fridge, and small sitting area.
122	122	15175	A large living area with two windows and two red chairs near the windows.
123	123	10440	Small kitchen with white cabinet,s white dishwasher, white stove, and a white microwave.
124	124	3712	Enjoy a gorgeous view of the sunset from your bed through full wall-length windows.
125	125	2566	Small area with a shower and a mirror.
126	126	7064	A silver tea service set sits in the middle of a wood table and upholstered chairs.
127	127	10706	The floor is checkered and two hot pink chairs are at the table. The kitchen has a microwave, toaster oven, and regular oven. The blinds are also drawn.
128	128	100128	A bare mattress sits on a bed frame in a room under a skylight.
129	129	10375	In a kitchen, there is a island, a nice steel fridge, and a bunch of cabinets.
130	130	7022	A dining room area with a small table with chairs around it near a window
131	131	16280	Blue and white tiles and white paint adorn a simple bathroom.
132	132	4039	One light is turned on in this simply decorated bedroom.
133	133	101688	Shelves full of foods and beverages are in an open, well-lit pantry.
134	134	2578	It's a beautiful washroom containing a white tiled bathtub and has brown walls with a turquoise design on them.
135	135	354	A full sized bed is made up in a white bedroom with a bright open window.
136	136	100950	Small eating area that has nothing but a wooden table and pictures on either side.
137	137	674	THE IMAGE SHOWS A SITTING ROOM OF A HOUSE
138	138	4093	A man sits on a bed and points a remote control at a television.
139	139	4103	A bedroom with blue carpet, blue bedding, and blue walls.
140	140	10564	A small kitchen with small wooden cabinets, a small fridge, microwave, and a small table.
141	141	15554	Two men play pool under the lights in a bar.
142	142	5503	A petite bedroom with a small bed in it with curtains on top
143	143	3839	Classic and simple bedroom with black bureaus, bed, and nightstand
144	144	10359	Bar area with stools, sink, refrigerator, and cabinet storage.
145	145	100470	One window is at the end of a small, dark kitchen.
146	146	5509	This child's bedroom features an air travel theme in blue, red and white.
147	147	83	Bathroom with white walls and white cabinets underneath
148	148	6943	Small sitting here with wooden floors, a table with chairs, plants, and a wall picture.
149	149	11323	A sitting room with yellow chairs and walls, with floral curtains.
150	150	10230	Newish looking kitchen with wood cabinets and wood floors.
151	151	7046	Carpeted living area with a table, chairs, and a plant on top with lights hanging above it.
152	152	15207	Old green and red chairs and couch in what appears to be maybe a hotel.
153	153	7105	Open and airy dining area with gorgeous view.
154	154	2901	A bathroom with a window and a large bath tub with towels near it.
155	155	20043	brewery underground with a table and bottles of beer for display
156	156	15517	a game room with a pool table and a fireplace
157	157	2649	a bathroom with double vanities and marble counter tops
158	158	100750	a large marble shower with water still running
159	159	11468	a living room with two grey couches and a tv in the corner
160	160	2810	smart room with large freestanding bathtub and carpeted floors.
161	161	10462	an old kitchen with old appliances and in bad condition
162	162	314	a hotel room with two queen sized beds and a chair in the corner
163	163	11450	a living room with yellow walls and a beige couch
164	164	3250	queen sized bed with aztec bedding covers and green walls
165	165	11382	living room with plaid couch and a flower chair with lamps
166	166	5474	a room with two twin beds and a banner on the wall
167	167	5765	a closet that is a walk in closet and has a basket in it
168	168	9338	a small room with computer desk, coffee  table and blue chair.
169	169	4168	a bedroom with a fireplace and a big mirror above it
170	170	3699	a bedroom with a bed and some shelving units
171	171	2927	huge bathroom with marble wall and black tiles
172	172	15216	family room with a white fireplace and a sofa with two chairs
173	173	362	bedroom with double bed and large three part window with view of vegetation outside.
174	174	2640	a bathroom with a toilet and a single sink and a potted plant
175	175	11278	one sofa and two chairs with a coffee table and a rug in the middle
176	176	15195	living room with a couch and two chairs plus french doors
177	177	9377	an office room with L shaped desk and two computers and two chairs
178	178	7191	a dining room with a huge table that can seat more than 10 people
179	179	16810	large area of hotel lobby with chairs and lamps for seating
180	180	7093	modern style living area with black sectional couch and round coffee table
181	181	19939	lower level of a home with staircase and pink carpets
182	182	3803	a bedroom with wood panel walls and a pink bed with pink lamps
183	183	7218	small room with mosaic mirror black table and chairs.
184	184	100091	a brick wall inside of a bathroom that looks very small
185	185	10418	white appliances and a toaster oven on the counter tops
186	186	3341	bedroom with two twin sized beds and a lamp
187	187	11314	living area with white couches and flower chair in the corner
188	188	100485	a huge kitchen with counter and four bar stools and hardwood floors
189	189	3232	Very small room with upright bookcase, small picture and checked tablecloth.
190	190	538	a master bedroom with a queen sized bed and two lamps
191	191	2672	white walled bathroom and red accent towels with red flowers on counter
192	192	10658	a small kitchen with stove and a fridge in the corner
193	193	14975	chaotic room with multiple shelves filled with cans and dried foodstuffs.
194	194	681	The living room has white walls, a large window door with curtains and black couches.
195	195	2729	The bathroom has beige marble counter with two white sinks and a tissue box between them .
196	196	10461	A small bright kitchen with a large window, tan cabinets and gray counters.
197	197	2984	The bathroom has wooden finishes with a white toilet and big window
198	198	9663	A hotel room with two beds covered with dark tan covered blankets and two brown pillows per bed that cover over white pillows, with one framed and matted picture above each bed with a nighstand located between the beds with two wall mounted lamps with their lights switched on.
199	199	9539	A white room with dark brown furniture, a pink and greyish green blanket and matching pillow, a brightly lit window, two lamps and one old fashioned radiator standing agains the wall.
200	200	8362	The pool room which has wooden beams and a foosball tanle in teh bckground.
201	201	11510	A long off-white living room featuring a white sofa, black coffee table and a small countertop with two bar stools.
202	202	7104	The dining room has wooden chairs and a white table cloth. There is a large window with brown curtains.
203	203	15510	The room is very open with wooden beams and lights. In the center there is a pool table.
204	204	3594	A bed with gold sheets and a brown frame is in the middle of a room with white walls
205	205	10595	There are brown finished cabinets and marble on the counters.
206	206	16739	THe outdoors has a lot of trees and a row of white houses.
207	207	15184	A formal living room with a blue sofa, a fireplace and an oriental area rug in the middle of the floor.
208	208	6776	The open dining room is surrounded by large windows. In the center there is a wooden table and hairs with a chandelier on top of it.
209	209	7399	There are two bed in the room, pink and blue with a blue chair between.
210	210	2859	The bathroom is white and there are white towls with brown finishes throughout.
211	211	3601	The bedroom has a ceiling fan and a white bed with green finishes. THere are also wooden bedstands.
212	212	6756	A small dining room with pale yellow walls, a white hutch and a brown dining table.
213	213	9525	The wall has a circuclar mirror and two lights.
214	214	5522	The colorful bedroom has yellow walls with a white framed bed and a rainbow comforter.
215	215	168	The bathroom has a shower with a brown towel on it , next to a brown side table and a white toilet.
216	216	10897	A commercial laundomat with more than four white top loading washing machines along one wall, a bank of stainess steel front loading washing machines located across from the top loaders and a double-row of dryers on the far wall of the room all sitting on a tile floor.
217	217	8421	It's a spacious entertaining room containing a pool table, a game table and a television.
218	218	10702	A small older style kitchen with dim lighting.
219	219	15410	It's a wonderful room to read in, light blue room with a black and white polka-dot chair in the corner.
220	220	10698	the kitchen has white cabinets with a stove and sink on it. The cabinets above are brown .
221	221	2772	The bathroom has a large outdoor facing window with a marble tub under it and tiles all over.
222	222	2655	A fully tiled bathroom with a white toilet, a white bidet, a white cabinet with drawers and a white sink on top, a white bathtub with a large brightly lit window covered with venetian blinds in the opened postion..
223	223	3363	The bedroom has yellow walls and white and yellow stripe. It is very brightly lit.
224	224	7159	The elegant dining room has a chandelier and a large white table and many chairs.
225	225	10544	The darkly lite room has white cabinets.
226	226	751	A large sized living room with lots of light.
227	227	6957	There is a formal dining room with beautiful open windows and a brown table with white chairs.
228	228	3746	The bedroom has a vaulted ceiling with a small bed and teal dressing cabinet.
229	229	101380	A moped parked in a home garage.
230	230	3002	A tile and wood bathroom with natural sunlight.
231	231	11321	A living room in a house with a green couch and wood coffee table.
232	232	6902	Flowers, gold trim, and a crystal chandelier adorn an elegant dining room with white window frames and an exquisitely set table.
233	233	10243	This light kitchen is packed with white cabinets and has green counter tops and table to match.
234	234	7405	A child's bedroom with a raised bed and under bed storage.
235	235	101149	The bedroom contains a bed facing the fireplace which has a television on it's mantle.
236	236	9384	A floor lamp illuminates an office with two desks and two chairs.
237	237	1899	A well lit attic space with hardwood floors and a window.
238	238	654	You see a cozy fireplace sided with wooden panels with 2 chairs placed for conversation and a lit centerpiece on a side table on the wall.
239	239	10257	A rustic home kitchen with wood cabinets and a stove with an exhaust hood.
240	240	646	A room with a small kitchen, bed and rest room with wood paneled walls.
241	241	10392	A kitchen counter set with bread on a cutting board.
242	242	11110	A living room with white couches, a hutch and a wall covered with nick nacks.
243	243	6882	A cozy and sunlit dining room with built-in cupboards.
244	244	10889	The laundromat has 4 washers and 4 dryers visible as well as 2 tables and several chairs.
245	245	6986	A well appointed formal dining room decorated in hues of yellow.
246	246	2940	This bathroom is done in a light grey tile with a tub and a shower the vanity is a contrasting dark wood.
247	247	10088	An indoor dog kennel with separate chain link cages.
248	248	6921	The dining room is light and bright and has a crystal chandelier, prominently displayed is a walnut table and chairs.
249	249	10421	This kitchen is all done in wood with darn counter tops and stainless steel appliances.
250	250	11269	This sitting room has a floral couch with matching chairs and wooden coffee table it has tall ceilings and a fan to keep the air moving.
251	251	57	This bathroom has cream marble counter tops and great large window to the right.
252	252	9659	This dark bedroom has a lamp turned on showing an unmade brass bed.
253	253	11462	This bright sitting room has a stone fireplace and looks cozy with a blue sofa and sitting chair.
254	254	7190	The dining room has fun designs throughout and the wood table is the first thing you see.
255	255	93	A rest room with white cabinets, a dark counter and tiled floors and walls.
256	256	100303	The dining room has counter with chairs and a table with a bench with a window overlooking a garden.
257	257	101376	The game room has foosball, pool and others its brightly lit.
258	258	11477	A living room with a teal couch and a white armchair with a wall that has wallpaper.
259	259	17	A home bathroom with a sink and mirror.
260	260	11361	A brightly lit, white living room with a fireplace and mantle.
261	261	3910	A small bedroom with a bed and a dresser with a large window with the curtains drawn.
262	262	595	A kitchen with an inset island stovetop on a black countertop.
263	263	100332	A small room with a bunk bed, desk and chair and a large window.
264	264	16808	The stairs are front and center with a door just to the side all painted in a pleasant blue color.
265	265	11194	A living room with a coffee table, white couch and a tree in the corner.
266	266	7067	A builder grade chandelier hangs over a black and stained dining table in a kitchen nook.
267	267	11197	An open concept kitchen and living room with two blue lounge chairs and an oak floor in the kitchen.
268	268	100506	A living room with a black couch and T.V stand, zebra rug and red cabinet.
269	269	3233	Unoccupied low-end motel room with old style CRT TV and an ugly plaid bed cover.
270	270	14967	White shelving from floor to ceiling with boxes labels 'fragile' & 'very fragile'.
271	271	2665	Terra cotta colored floor tiles span the floor and half wall in this bathroom with large soaking tub and walk in shower.
272	272	9534	Unoccupied hotel room with a lanai that is overlooking a vista of the seashore and palm trees.
273	273	6928	One dining table and five or six white color cushine chair are place and good view is on that back side.
274	274	101716	Entertainment room with very large LCD TV set up theater style and a pool table.
275	275	3693	Unoccupied hotel room with distressed end table and a ugly green door.
276	276	9573	Cramped motel room with king sized bed, pink walls. Looks occupied.
277	277	772	Interior of a house with  a wall painted dark brown and very large windows with an lanai.
278	278	90	This bathroom has light green tile, one sink, and a towel hanging on a rack.
279	279	101968	Living room with wood paneling floor and a fireplace that is painted white.
280	280	11096	A small living room with three shelving units side by side behind a coffee table that has a lamp on it.
281	281	10360	Home kitchen that has opened soda on the counter and a microwave underneath the hanging cabinet.
282	282	16795	This is a winding staircase, with a safety railing, that leadsto an upper balcony.
283	283	544	Bed against back wall of room with bed tables on each side that holds lamps. Center above the head board of bed is a large picture.
284	284	2797	White motif cramped bathroom with odd shaped bathtub. Looks lived in.
285	285	14990	Pantry with five shelves. All shelves are filled with store goods including the floor under the first shelve.
286	286	2535	A white soaking tub with jets, surrounded by light brown floor tile sits to the left of a white toilet.
287	287	1911	Unfinished attic that has a very steep roof and the raw wood is showing. No insulation.
288	288	11245	A living room with a tan sectional and rug, with colorful pictures on the wall.
289	289	302	Unoccupied hotel room with faux wood paneling with a full size bed.
290	290	11302	Rustic interior with half circle fire place in the corner
291	291	15524	Tiny room painted white with a pool table in the center.
292	292	9625	Occupied hotel room this paisley patterned rug and a suitcase on the floor.
293	293	392	Photo shoot studio with strange nonstandard shaped bed and a still life arrangement on it.
294	294	176	A bathroom with tan colored tile, a white sink attached to the wall and a large tub and shower with glass doors.
295	295	100089	Odd looking bathroom that has a glass enclosed stand up shower and a bath tub.
296	296	833	Living room with yellow painted walls and a non-flat ceiling painted white.
297	297	507	A bedroom with a large bay window, full size bed and lounge chair near the window.
298	298	6981	A vase of sunflowers sit on a medium tone wood kitchen table in front of an open exterior door to the garden.
299	299	10219	Light wood stained kitchen cabinets hang on a turquoise wall.
300	300	2567	A white bathrobe hangs on a door, which is open to a bathroom with hardwood floors and a white pedestal sink.
301	301	3887	A carpeted bedroom with a full size bed and picture hanging on the wall above the head board.
302	302	10613	Inside the kitchen room , one kitchen set table and 2 high heel chairs and vessels placing rack are presented.
303	303	9358	In the corner of a room sits a desk with a computer sitting on it.
304	304	11236	This gorgeous living room includes a homey old school english style book shelf with a unique slanted wall design. It feels quite warm and relaxing.
305	305	10673	A kitchen with wood cabinets, dark counter top and a table with four, grey chairs.
306	306	100097	A beautiful clean bathroom with a marble counter sink.
307	307	10631	This kitchen island contains a stainless steel stove and a lot of countertop work space. the lighting is recessed and there are also some medallion lighting in the background.
308	308	7150	A beautiful white dining room with a table set for four people.
309	309	15210	Beautiful white shiny brocade wallpaper is complimented by gold picture frames and gold trim the runs up the corner of the wall and along the chair rail. Antique roll top desk is in the center of the room and the white chairs with gold trim look inviting.
310	310	4227	The oval framed picture on the wall above this cherry bedframe depicts an angel holding children. The walls are soft cream and the small table in the corner holds a vase of flowers.
311	311	5756	A large closet featuring many shelves and racks which are holding clothing items and shoes.
312	312	10180	The pine ceiling goes well with the red walls and pine cabinets in this kitchen/dining area. The wooden table looks inviting.
313	313	8356	This family room contains a foose ball table and many choices for sitting. The sliding glass windows let in a lot of light and there's a television and a love seat.
314	314	101331	A masculine dorm-type bedroom with a single bed, desk and baseball decor on the wall.
315	315	8346	A game room featuring a Foosball table and a red chair facing large mirrored doors.
316	316	100966	A carpeted living room with a large fireplace, small glass coffee table and three lounge chairs.
317	317	11352	A small corner of a room featuring a wooded desk with chair and a matching mirror on the wall.
318	318	11381	A lit chandelier hangs from the ceiling over four ornate chairs and a bench, with a fireplace to the right.
319	319	100963	A kitchen with red walls, white cupboards, grey tile floor and a very small grey island in the middle.
320	320	10333	This beautiful luxe kitchen features a horseshoe shaped . island done in granite top with a rich wood cabinet front. The floor looks like a deep hickory and the appliances are stainless steel
321	321	2840	A moderate sized bathroom with a white bathtub, sink and toilet.
322	322	101478	This corner kitchen has black counters and oak cabinets. The stainless appliances are shiny and the small island offers extra counter space.
323	323	6860	A beautiful dining room complete complete with a patio view and superb lighting for your relaxation.
324	324	7184	A table is surrounded by four chairs, with a rack behind it with assorted dishes.
325	325	5761	A strateically organized and well thought out, stylish closet.
326	326	2647	A small bathroom with white fixtures and tan tiling on the floor and walls.
327	327	9399	An empty room with a wood desk that has a computer monitor on top of it.
328	328	11178	A very clean living room complete with a full window to let sun in and beautiful hardwood floors accompanied by two red carpets.
329	329	679	A living room room with pastel yellow walls and an off-white sofa featuring multi-colored pillows.
330	330	101506	A large living room with hardwood floors, a sofa, coffee table and television stand.
331	331	71	The bathroom seems to be an average one bedroom apartment type bathroom with a wooden toilet seat, average shower and a white counter sink also the walls are made of tile.
332	332	10566	An oven and a small cabinet sit in the corner of a kitchen, whose walls are painted yellow on the top half and white on the bottom half.
333	333	14991	A white pantry that is full of food, cleaning supplies and toiletry items.
334	334	2811	This ultra modern bathroom features floor to ceiling glass shower doors and a warm toned tile floor
335	335	16798	Stair case with four steps and beautiful railing
336	336	11159	This warm toned room with the rich colored Persian rug and warm fireplace looks like a step back to the turn of the century. The colors and wall decor are all in muted earth tones.
337	337	20052	A stone underground room filled with beer barrels
338	338	3220	A bedroom with yellow walls, a double bed with a red bedspread and a brown rug near the bed.
339	339	11177	A living room with wood floors, a small white coffee table and two love seat sofas.
340	340	2877	Above a wall mounted sink is a mirror and light fixture, with a ceramic tiled floor.
341	341	10247	A kitchen corner with white cupboards and walls and red, brick back splash.
342	342	7210	A dining room with several tables and a fireplace as the centerpiece.
343	343	653	cozy living room with lots of sitting and talking space.
344	344	3337	A hotel bedroom with a twin bed and study nook with desk and chair.
345	345	11243	A living room with a tall ceiling, fancy furniture, and many windows with a view of water.
346	346	2725	A double sink vanity sits to the right of a large soaking tub and small walk in shower.
347	347	10454	A kitchen with many white cabinets with decor on top of the cabinets.
348	348	15151	Portrait gallery in a castle with gilded ornate ceiling, frescoes, elaborate moldings, paintings, and a crystal chandelier.
349	349	7095	A dining room with a single table with plants on it and a tree in the room.
350	350	10426	An open kitchen has seating for two at the kitchen island, seating for four in the informal dining area, and a separate entryway to the formal dining room behind the kitchen.
351	351	2882	Small blue powder room with toilet, sink, window, striped wallpaper, and green plants.
352	352	7012	A small dining nook with dining table and chairs, chandelier, and painted fan wall art.
353	353	101421	A small wooden desk by a window with two computer monitors, keyboard, speakers, and cordless telephone.
354	354	2886	Modern white bathroom with blue floor and angular sink, shower, and toilet.
355	355	11333	A living room with vaulted wooden ceilings, blue leather furniture, fireplace in brick surround, and large windows.
356	356	7189	A dining room with a small table and two windows.
357	357	20062	A room with a wall shelf full of wines and an entry to another room full of wine.
358	358	10722	Sunny corner of a kitchen with mullioned windows, white lace valances, stainless steel sink, and wooden chairs and cabinets.
359	359	637	Minimalist modern kitchen with black counter tops, white cabinets, can lights, and hardwood floor.
360	360	91	A luxurious bathroom with white walls, grey marble tub and vanity, arched windows, flowers, and white towels.
361	361	2489	A dark basement with a large post and a water heater.
362	362	100373	An airy recreation space has a ping-pong table on one side, sofas centered around a TV screen on the window side and vending machines along the wall.
363	363	2989	A rest room with a slanted ceiling that is black and white long step type shelves.
364	364	15776	A game room with a pool table and a foos ball table.
365	365	877	Narrow living room with green walls, flat-screen TV, animal prints, upholstered furniture, mullioned window, and bamboo shade.
366	366	9401	Living room with computer desk and classic theme.
367	367	15512	A pool table on a tiled floor with stained-glass pendant light, wooden bench, and framed prints.
368	368	10364	A small galley kitchen with terra cotta floor, grey cabinets, and white appliances.
369	369	100048	An empty room with diagonal angled ceiling and a small window.
370	370	3641	Bedroom with white walls, beige carpet, wooden full and twin beds, dresser, TV, nightstand, and window.
371	371	2897	Three bathroom mirrors hang over white wall mounted sinks in a public restroom.
372	372	645	Kitchen work area with white stove and built-in microwave, wooden cabinets, and beige granite counter tops and back splash.
373	373	3360	A bed is in the middle of a room with two night stands on either side of the bed and a bench in the corner at the end of the bed.
374	374	3011	Cramped bathroom with blue curtains and rug and white walls, toilet, pedestal sink, and tub shower.
375	375	869	This looks like a hotel lobby, the furniture and theme is colored beige.
376	376	2593	A bathroom vanity with an inlaid sink and a round mirror above it.
377	377	6946	Dining room with dark wood paneling and beamed ceiling, tile floor, long wooden table and chairs.
378	378	101429	A glass-topped writing desk, brass lamp, mirror and wooden armchair in front of a curtained window.
379	379	6775	A small dining room with a single small table and a large window.
380	380	273	A cozy nook with futon, wooden entertainment center with TV, trunk, and window with bamboo shade.
381	381	11337	The room is painted a cream color and there is fuscia furniture surrounding a wood table with white flowers on it.
382	382	10596	A galley kitchen with a white refrigerator and a microwave.
383	383	2650	A bathroom with bathtub, sink with cupboard, toilet, all white with the exception of the floor and the rug.
384	384	1907	A room with comfortable looking, white, fabric furniture.
385	385	3531	A small bedroom with a single bed in it.
386	386	3736	A bedroom with a bed that has a blue and white comforter.
387	387	6897	A white dining room with a wooden table and chairs.
388	388	3520	A bedroom that has one bed with a red blanket on it.
389	389	10891	A laundry room with many coin operated dryers.
390	390	10518	This kitchen features a three-stool island, a stainless steel fridge, range and microwave, and crisp, white cabinets.
391	391	7175	The dining room is very old country looking with dark wood, wooden floors and cream colored walls.
392	392	2722	A bathroom with a white, pedestal sink, and a mirror.
393	393	419	A large bedroom with a bed, chairs, a dresser, and a desk.
394	394	7248	A dining room with a wooden table and chairs.
395	395	10288	The brightly lit, tidy kitchen has fruit on the counter, a stainless steel refrigerator, and a large orange clock on the wall.
396	396	100133	A bedroom with a large, wooden, canopy bed.
397	397	11244	A parlor with several chairs, a table, and a couch.
398	398	6985	A dining area with a round glass top table and seating for five.
399	399	7088	A dining room with a large, crystal chandelier and lots of curtain drapery.
400	400	9643	The hotel room has two double beds with red spreads on them seperated by a nightstand with a red lamp on it.
401	401	3559	A bed with a blue, red, and white quilt.
402	402	10748	A small kitchenette with a microwave and sink.
403	403	11252	A living room with a fire place, a couch, and lots of windows.
404	404	10541	A large white kitchen with a white refrigerator and white cabinets.
405	405	20145	A bedroom with an unmade bunk bed in it.
406	406	11442	The table has a big bouquet of flowers overlooking a living room sectioned off by a dresser,
407	407	9678	A hotel room with a tv and 2 double beds.
408	408	5770	The closet is very organized and divided in the middle by a chest of drawes and shelves surrounded by clothes hanging.
409	409	9380	A corner desk in an office with a computer on it.
410	410	2983	A bathroom with a tub, a toilet, and a sink.
411	411	10717	A traditional wooden kitchen with a black water boiler, a black oven, a plant and a window.
412	412	32	A well-lit bathroom with a nice sea view, with wooden furniture and a white bathtub.
413	413	5510	A children bedroom with a bed, a white alarm clock and a lamp with metallic color.
414	414	10719	A well-equipped white kitchen with a quadratic wooden table with 3 stools under a  luster.
415	415	634	A large kitchen with a window, equipped with a gas stove and a metal sink.
416	416	11301	A large living-room with a chimney, 3 paintings and walls painted in yellow.
417	417	4218	This is a clean hotel bedroom with a blue carpeted floor and a couch of the same color.
418	418	10754	A small kitchen with a wall cupboard, a sink on the left of the door and an electric stove above fridge. 
419	419	14981	A close-up on a pantry with office supply and some kitchen utensil.
420	420	1913	An empty attic room in white with 2 ceiling fans with lights.
421	421	101485	A narrow kitchen with neon light a window and brown furniture.
422	422	9	A small bathroom with white square tiles, a toilet and a painting with flowers above it.
423	423	8394	A living room accessed though a staircase with a corner couch and a airhockey table.
424	424	2711	A bathroom with a white sink and a mirror.
425	425	5707	A big closet containing a luster with many different types of clothes, shoes and 2 carpets.
426	426	2629	A water closet with a sink, a toilet and a bidet.
427	427	2887	A bathroom with a wooden floor, a bathtube on the right, a sink on the left and a toilet behind the bathtube.
428	428	4456	A room with a bow window and a luster.
429	429	101306	An old fashioned dinning room with a table set for 8 person and a richly decorated ceiling. 
430	430	11397	A small living room with 2 couches, a chimney with burning fire, a mirror and three lamps.
431	431	7115	A dining room with a table for 6 persons and a window.
432	432	901	A spacious, rustical living room with 2 white coaches a giant carpet in a cabin made of woods and stones.
433	433	9576	A sleek hotel room with a bed for 2 persons, with night tables on each side and a lila carpet floor.
434	434	11192	A living room with mostly blue furniture, yellow painted walls, plants, couches and lamps.
435	435	11199	A living room with a bow window and a bookshelf next to a chimney made of red bricks.
436	436	4178	A children bedroom with 2 identical single beds separated by night table and with racks decorated with toys.
437	437	352	A bed for 2 persons with 2 night tables, 3 paintings under a lattice.
438	438	10305	A well-equipped white kitchen with wooden furniture such as stools, cabinets, drawers.
439	439	8444	A garage with a grey car parked inside and two bicycles being attached on some  fixation at the ceiling.
440	440	15191	A parlor with floorboards, red walls, a chimney under a painting and classic furniture.
441	441	896	A vast living room in the ground floor of house with parquet and 3 windows letting in much light and giving access to a garden.
442	442	16825	This is the entrance hall of building with a spiral staircase and white walls.
443	443	460	A bedroom with a large bed, couch, a ceiling fan, 3 windows equipped with shutter and a white floor carpet.
444	444	2657	A bathtube next to a window and a washbasin incorporated in a wooden cabinet.
445	445	1927	An empty attic with only a white carpet on the board floor and 3 windows giving a view on a gardenâ€™s tree.
446	446	101098	A toilet in a tiny room with stone wall panels.
447	447	4016	A bed room in an attic with 2 single beds, a ceiling fan, 2 paintings and a closet next to a window.
448	448	11126	An asian-styled living room with 2 cups on a low table and a sliding door giving access to a garden.
449	449	11319	A living room with Victorian furniture such as 2 couches, a chair with the window curtains shut.
450	450	944	A close-up on 3 shelves of a pantry with flour on the upper shelf, breakfast food on the middle shelf and different bottles of oil and vinegar and the lower shelf.
451	451	15538	A room with a pool board behind a leather couch.
452	452	10650	A kitchen with wooden furniture based in the ground floor of the house.
453	453	10895	5 automatic public washing-machines in silver color.
454	454	9670	An hotel bedroom with a person sitting on the bed.
455	455	2781	A shower tub and a shower curtain with beige tiles on the walls.
456	456	101512	A living room with 2 couches, 2 side tables, 4 paintings and plants.
457	457	101469	A narrow kitchen with a view on a boat through a window.
458	458	100459	A bad-lit kitchen with woden furniture and 2 windows.
459	459	3793	A bed in a room painted in blue in which the window behind the standing fan lets the light shine.
460	460	9542	An hotel room with a bed for 2 persons, a ceiling fan and a window.
461	461	2584	A bathroom with a toilet, a  walk-in shower and a sink above which a mirror and several light bulbs can be seen.
462	462	606	A well-equipped kitchen empty kitchen on the ground floor of a house.
463	463	2675	A view of a bath room though a door with a bath tube, a toilet and a bidet.
464	464	10378	A view of a kitchen with white furnitures which can be accessed through the living room.
465	465	192	A room with a window frame made of wood and painting on the right right side.
466	466	9581	A hotel room with 2 large beds, walls and floor made of stones and wooden furnitures such as a table and a cabinet.
467	467	11098	A living room with a parquet floor, a dining table, a couch, a side table, a television and a window door giving acess to a balcony.
468	468	13899	A children bedroom with a crib , a window and pink wallpapers.
469	469	3721	A canopy bed in a room with 3 windows and dark furniture such as a bedside table and dressers. 
470	470	647	An open-plan American kitchen with white furniture in the foreground and gray tiles on the floor.
471	471	9318	An home office located next to a living room, with a chair, a table a lamp, many documents and books.
472	472	4095	A bedroom with a large bed, a mirror a plant and some drawers.
473	473	24	A bathroom with one wall made of marmor-like tiles, the other made of wood, that contain a walk-in shower, a white sink below a mirror and 5 towels.
474	474	100246	A children bedroom with a single bed, a white drawer with a large mirror, 2 paintings and a fake white rabbit.
475	475	319	A bed room containing 2 single beds with the curtains shut and a bedside table in-between
476	476	2481	A basement with a chair, 2 stools and table football in the background below the hopper window.
477	477	10284	A kitchen with a long central drawer that encompass the  stove, white floor tiles, and remarkable decoration such as the fake cat and the gingerbread man.
478	478	8480	An empty white room with the ceiling light switched on.
479	479	10169	A large kitchen with 2 windows, equipped with a side-by-side fridge, white drawers and pantries and kitchen worktops made of marmor.
480	480	20174	2 bunk beds in an attic with walls painted in yellow.
481	481	15169	A traditional living room with a sofa, 2 chairs a large carpet, a chimney, 5 paintings and a window.
482	482	2735	There are 2 washbasins incorporated in a drawer below a large mirror and next to a bath tube that is itself located under a window.
483	483	6773	A dining table with 4 chairs with 3 windows in the background and a part of a kitchen on the right side.
484	484	4113	A large bed with velvet sheets between 2 bedside tables.
485	485	100317	There is a dining table made of glass sitting on a carpet and 4 landscape paintings on the background walls.
486	486	8393	A room with wooden floor containing a billiard table and giving access to a kitchen.
487	487	6878	A dining room with a table made of solid wood with 6 chairs, 3 plants and a nice view on the exterior landscape through the 3 windows in the background.
488	488	11303	A modern living room a white couch, 3 gray side tables and the lights switched on because the curtains are shut.
489	489	4135	A bed with black and white sheet, a white bedside table and a painting of a black and white dog.
490	490	13886	A white baby crib with a mobile installed and pink sofa on the right.
491	491	7233	A dining table with 4 chairs in a room with a bow window which curtains are shut.
492	492	4086	A bedroom with 2 single beds with same sheets and a window in the background.
493	493	19938	A hallway in house with a staircaise on the left, a sink integrated in a cabinet on the right and walls and ceiling painted in white.
494	494	1968	An attic with a television and a video recorder in a a cabinet on the left and cabinet integrated in the walls on the right.
495	495	11308	A living room containing a leather sofa and a side table with a glass plate, combined with an American kitchen in the background.
496	496	2928	2 white sinks fixed on a wall below a mirror.
497	497	7362	A bunk bed with a washbasin to its left.
498	498	760	2 white sofas and a trunk used as a side table in the middle of a living room and an American kitchen with white furniture in the background.
499	499	56	A bathroom with a washbasin under a mirror, a toilet on its right and a walk-in shower with drawn curtains on the right.
500	500	4094	A children bedroom with a single bed on the left with a printed sheet, a window with blue curtains in the background with a painting to its left.
501	501	101379	A picture of a garage with many tools on the rack in the background and a man laying on the floor asleep.
502	502	15419	A children bedroom with a TV broadcasting a cartoon program in the background, several plastic toys on its left and 6 frames with pictures on the wall.
503	503	2779	A bathroom with a toilet, a washbasin on the right, a bathtube with a curtain in the background and white walls.
504	504	5464	A clean children bedroom with 2 single beds, and lots of toys such as an helicopter, a teddybear, puppets, a telefon.
505	505	11332	A modern living room with parquett floor, white walls, and dining table with 4 chairs on the right and a corner couch on the left.
506	506	6984	A dining table with 8 chairs in a green room with a window in the background, a huge painting on its right and a long case clock on its left.
507	507	100460	A lkitchen with walls made of red bricks, black furniture such as cup boards, drawers, a fridge and a parket floor.
508	508	101088	A bathroom with a white washbasin and a mirror reflecting a shower curtain.
509	509	3397	A bedroom with a  large canopy bed and a window giving access to a balcony with a view on sea side.
510	510	6952	A living room with an American kitchen furnished with a dining table with four chairs, a mirror, a painting and 3 hanging lamps.
511	511	101099	A small bathroom in beige with a toilet and a sink on its the left.
512	512	11173	A living room with a corner couch in white next to a bow window, a chimney with fire on the left and brow blue carpet on the floor.
513	513	8395	A game room for table tennis with a couch on the left, 4 paintings on the walls and 2 lamps.
514	514	100095	An open door to a bathroom with a white washbasin and a toilet on its right.
515	515	10601	A dining table with 4 chairs next to windows giving a view to a garden.
516	516	2721	A bathroom with a tiled floor containing a bathtube on the right, a toilette and a washbasin on the left and a radiator on the wall.
517	517	5767	Lots of shirts hanging in wardrobes and a carpet under a bank in the middle.
518	518	19930	A part of an openkitcehn with apparent stones and a sink incorporated in a cabinet.
519	519	7205	A dinning room with a table for 4 persons, partially drawn curtains and a luster with the light switched on.
520	520	11185	A living room with a lila couch a table with 4 chairs in zebra look, a lamp with light on and a mirror hanging on a whole on the left reflecting the lamp.
521	521	7137	A dining table set for 4 persons with orange chairs and decorated with a vase of flowers on top of it.
522	522	7204	a dinning table with 6 chairs where 4 pears were aligned on to of it as decoration.
523	523	4452	A bow window in a living room with a view on some trees in the the street.
524	524	2555	a bathroom with a washbasin integrated in a cabinet and a mirror upon it reflecting a cupboard.
525	525	100484	A white sink in a kitchen just below a window.
526	526	103	A bath room with a view on the white washbasin, a closed door to its right and red wallpapers with printed motives.
527	527	7207	A dining room with walls painted in red, a table with 6 chairs in the center, a carpet floor and a window in the background.
528	528	2871	A bath room with a beige washbasin, a beige bathtub with a curtain and beige tiles on the walls.
529	529	11148	A living room with 2 white couches, a side table, 2 paintings, a mirror and a plant.
530	530	13881	A white bunk bed in a attic with a window in the background.
531	531	3878	A large bed with blue and yellow sheets on a tiled floor with blue tones.
532	532	10701	A fridge with a micro-wave oven on top of it and a table with 2 chairs on the right side of the fridge.
533	533	15175	A room with a high ceiling symmetrically decorated with 2 chairs, a mirror and a small table below it.
534	534	10440	A well equipped kitchen situated on the ground floor of a house with white furniture such as a stove, cupboards, drawers and dishwasher.
535	535	3712	A bedroom with a panoramic window giving a view on a sunset at the beach, containing a large bed with a teddy bear on it, a drawer on the left of the bed and a blue painting on a blue wall.
536	536	2566	A walk-in shower with white tiles under a hopper window.
537	537	7064	A dining table with 4 chairs on a carpet and a cupboard in the background.
538	538	10706	A kitchen with a stove and black and white tiles in the floor, 2 pink chairs and 2 tables along the wall.
539	539	100128	A bedroom in an attic with a single bed, a radiator and a table on the left.
540	540	10375	An open kitchen with a large kitchen island table in the middle, with a sink.
541	541	7022	A dining room with a wooden table, 2 green chairs and 2 wooden chairs in the middle and a wooden cabinet and a large window in the background.
542	542	16280	A shower floor with turqoise tiles, a brown seat attached to the wall and a white toilet on the right.
543	543	4039	In the middle of the room, there is a bed with white sheets, on the wall to the right is a lamp and a plant on the left.
544	544	101688	There is a food shelf with many different packages, baskets and bottles in the center.
545	545	2578	A bathroom with grey floor tiles, brown ornamented wallpaper with a bathtub and a toilet in the middle.
546	546	354	A wooden bed with white sheets in the middle and a bright window on the right.
547	547	100950	A festive dinner table with a plant and curtains in the background and a framed picture on the left.
548	548	674	A living room with blue and white arm chairs around a glass table with books on it.
549	549	4093	There is a man sitting on a yellow bed watching a grey tv in room with wooden furniture.
550	550	4103	A bed with blue sheets in a room with blue walls and a window in the background.
551	551	10564	A kitchen with light brown cabinets, a stove and a microwave and a door in the background and a green table with green chairs in the front.
552	552	15554	2 men playing pool in a room with a red floor and images on the walls.
553	553	5503	On the left there is a bed with ornamented sheets and white pillows while on the right there is a puppet sitting on a white chair.
554	554	3839	A bed room with black furniture, a brown floor and framed pictures in the back.
555	555	10359	A kitchen with a brown bar with 3 stools and white cabinet on a yellow wall.
556	556	100470	A window shining bright light into a white kitchen with a stove on the right.
557	557	5509	A bed room with playful ornamented blue and red wallpaper and curtains and a blue cabinet and a horse toy in the background.
558	558	83	A white wash basin under a mirror with towels on the left and on the right.
559	559	6943	There is a brown dining table with brown chairs on a patterned carpet in the center, a green plant and a window on the left and a cabinet and paintings on the right.
560	560	11323	A wooden armchair with yellow pillows in the front and a black door a table and a sofa with yellow pillows in the back.
561	561	10230	A kitchen with wooden cabinets and a window in the back and a stove to the right
562	562	7046	In front of a window to the garden there is a plant on the left and a big chandelier on the right hanging over a dinner table.
563	563	15207	There is a lounge with green and red sofas and a brown table on a green carpet.
564	564	7105	Sourrounded by bright windows, there is a dinner table with a bench with grey pillow in the middle and two grey lamps hanging from the ceiling.
565	565	2901	A bathroom with a black and white bath tub, a green rug on the floor and red towels hanging on the right.
566	566	20043	On a small table there are 7 bottles displayed in front of 3 black barrels.
567	567	15517	Behind a pool table in the center, there is a black door to the left and a large mirror on the right.
568	568	2649	2 wash basins  on wooden cabinets and two mirrors above.
569	569	100750	A square shower cabinet made of light brown tiles with 3 shower heads emitting water
570	570	11468	In this living room there are two grey sofas, a black TV on the left and a ventilator on the ceiling.
571	571	2810	This bath room has a white bath tub on the left behind a glass front and there is a mirror on a table in the back.
572	572	10462	A kitchen counter made of black tiles in front of a stove, a refrigerator and wooden cabinets.
573	573	314	A hotel room with two beds on the left, a lamp between the beds and a chair to the right and framed pictures on the wall.
574	574	11450	There is a sofa on the left with white pillow, a shelf and a table with a lamp on it in the back.
575	575	3250	There is a wooden bed with white and red sheets and a lamp on the left
576	576	11382	There are 2 sofas with floral and checkered patterns around a small wooden table and a wooden dining table with 2 chairs to the right.
577	577	5474	In this room there are two black childrens beds with white sheets next to each other.
578	578	5765	There is an empty white shelf and a metal bin in the center in front of a white wall. 
579	579	9338	A wooden desk with metal feet with a white computer on the right and a blue and grey chair in the middle.
580	580	4168	A bed with white and green blankets and a yellow sofa right of it.
581	581	3699	In front of two bright windows there is a small white bed.
582	582	2927	There are 3 round rugs on the black floor, two white doors in the back an a bath tub with white cabinets on the right.
583	583	15216	A white fireplace on the left and a dark sofa with a white table on the right.
584	584	362	A bed with light blue sheets and a chair to the right and 3 large windows in the background looking at bushes, a palm tree and a picknick bench.
585	585	2640	A grey toilet on the left, a gray wash basin on the right and a green plant and a lamp in the background.
586	586	11278	3 beige sofas around a glass table with two framed pictures on the walls.
587	587	15195	A grey sofa with a small table in the front and two chairs and a lamp in the back.
588	588	9377	A black chair and a green chair on a desk with two computer monitors on it in front of a green wall.
589	589	7191	A large round wooden table in the middle with a silver bowl on it and many chairs around.
590	590	16810	This hotel lobby has a gray carpet and a white staircaise and some dark furniture in the back.
591	591	7093	This room has a large dark sofa to the right, a red chair to the left and a windows in the back.
592	592	19939	There is a staircase on the left, a mini bar with bottles in the back and a red leather sofa on the right.
593	593	3803	A large red bed with two red lamps with a framed picture on brown walls in the background.
594	594	7218	In front of black cabinets and a light green wall, there are some black chairs and a black table in the center.
595	595	100091	A white toilet and a white sink in front of a white wall and a brick wall.
596	596	10418	A kitchen counter with light grey cabinets, a microwave with a basket on top and a black stove to the right of it.
597	597	3341	2 beds with patterned sheets in front of a yellow wall with 3 pictures.
598	598	11314	A large white door and two arm chairs on the right and a wooden small table and some lamps on the left.
599	599	100485	4 chairs around a black kitchen counter in the front and a stove and a sink and more chairs in the back
600	600	3232	There are two black chairs and a brown shelf in the middle and a black and white picture on the white wall.
601	601	538	In the center there is a bed with grey sheets with two lamps left and right and two framed pictures on the wall.
602	602	2672	On the right there is a white toilet with a wooden cabinet above and a white sink, while on the left there is a mirror, red flowers on a wash basin.
603	603	10658	A white window, wooden kitchen cabinets, a stove and a refrigerator.
604	604	14975	Wooden shelves with many boxes and bottles on them.
605	605	681	A living room with black leather sofas around a small wooden table and a silver tv in the background.
606	606	2729	2 wash basins in a grey counter with a small green cabinet on the left and a mirror above.
607	607	10461	A kitchen with light wooden cabinets, a grey floor and a silver oven and dishwasher.
608	608	2984	A white toilet with a wooden cabinet above and a wash basin to the right.
609	609	9663	2 brown beds with a lamp in the middle and 2 framed pictures on the white wall.
610	610	9539	A bed with green sheets with pink flowers on it and a lamp with white lamp shade and a white window in the background.
611	611	8362	On the right there is a man playing on a pool table, on the left 2 people sit in brown chairs and in the back 2 people play on a ping pong table.
612	612	11510	A white sofa and a colourful painting on the left and black tables, a tv and a white lamp to the right of it.
613	613	7104	3 wooden chairs around a table with a green table cloth, a lamp on the ceiling and windows in the background.
614	614	15510	A green and brown pool table on stone tiles with 2 ventilators on the ceiling and green plants in the back.
615	615	3594	A brown bed in front of a white wall with a black and a blue picture on it.
616	616	10595	Many brown wooden kitchen cabinets in the back and a black oven.
617	617	16739	Many small green houses and large trees in the back.
618	618	15184	On a white and red carpet, there is a blue sofa with a small wooden table and there is a fireplace on the right.
619	619	6776	4 chairs around a wooden table with a lamp hanging from the ceiling and a window in the back.
620	620	7399	A childrens room with a blue bed on the left, a red bed on the right, a blue chair and a wooden cabinet in the middle and a black picture on the wall.
621	621	2859	A white sink on the left and 2 windows in the background.
622	622	3601	In the middle, there is a bed with white sheets and 2 green pictures on a grey wall and there is a ventilator on the ceiling.
623	623	6756	5 wooden chairs around a wooden table, a white cabinet on the right with many small framed pictures above and a window showing green plants in the background.
624	624	9525	A black tv and a grey mirror with 2 lamps in front of a grey wall.
625	625	5522	A colourful childrens bed in front of a yellow wall and a white window to the left.
626	626	168	A white toilet on the right and a small wooden cabinet and a hanging brown towel in the back.
627	627	10897	A wash salon with many silver washing machines in the background and white washing machines to the left.
628	628	8421	To the left there are many red chairs around a yellow table, to the right a brown pool table and in the back 5 blue and green arm chairs around a large tv.
629	629	10702	A white kitchen cabinet and a white refrigerator on the left and a white window on the right.
630	630	15410	A small white table with a black lamp on it, a dotted arm chair and a basket full of toys in front of a light blue wall with framed pictures on it.
631	631	10698	There is a kitchen with brown and white cabinets with a silver sink and silver stove.
632	632	2772	There is a white bath tub below a window on the right and a door leading to a white toilet and a black wall to the left.
633	633	2655	This is a bathroom with small white tiles all over, a white window in the background and toilets on the left.
634	634	3363	A large yellow bed, a chair and a wooden cabinet with a yellow wall and a white window in the back.
635	635	7159	A large dining table with candles and flowers on it and many beige chairs around it and a large chandelier on the ceiling.
636	636	10544	A small kitchen with white cabinets, a sink and a stove on the left and a green chair and a white shelf on the right.
637	637	751	A brown sofa and a black and white table on a grey rug with lamps on the ceiling and windows in the background.
638	638	6957	Around a brown dining table there are 7 white and brown chairs, a framed picture on the wall on the left and a red chandelier on the ceiling.
639	639	3746	There is a small bed with red checkered sheets on the left, a white door in the back and a turquoise wardrobe on the right.
640	640	101380	A garage with wooden walls, a black motor scooter in the middle and a metal shelf in the background.
641	641	3002	A white wash basin in a wooden cabinet on the right and a bath tub with grey tiles and a window above it on the right.
642	642	11321	There is a green velvet sofa with green and red pillow and a dark wooden table in this living room and in the back there is a kitchen.
643	643	6902	A dining table with a brown table cloth, flowers and dishes on it sourrounded by 3 black chairs and there is a chandelier on the ceiling.
644	644	10243	A table with a green table cloth and a bowl full of red and green apples in the front and a large white kitchen with a refrigerator and an oven in the back.
645	645	7405	A purple blanket on top of a wooden bed with a wooden cabinet with 3 drawers.
646	646	101149	A bedroom with a bed on the right with blue and white blankets, a white lamp next to it and a fireplace with a tv on the right.
647	647	9384	An office room with 2 black office chairs on a checkered carpet, two black desks with a printer and a framed picture in the back.
648	648	1899	An empty attic with wooden flooboards, white ceiling and a small window.
649	649	654	There are 2 brown arm chairs and a small table in front of a lit fireplace with a painting on top.
650	650	10257	A kitchen with wooden cabinets and a red floor with a black oven with red pots on top and a white dishwasher in the back.
651	651	646	A small kitchen with wooden walls and wooden cabinets, a white oven and a bed in the front.
652	652	10392	A grey kitchen counter with bread, flowers and a silver sink on it and wooden cabinets and a silver refrigerator in the background.
653	653	11110	Two white sofas and a dark showcase with many small object in it and many more objects on the wall.
654	654	6882	3 chairs around a wooden table and a white cabinet with glass windows in the back.
655	655	10889	Many white and silver washing machines in the back and two white tables with wooden chairs in the center.
656	656	6986	White chairs and a wooden table with dishes and flowers on it.
657	657	2940	A bathroom with grey-tiled shower in a glass cabinet and a bathtub, with 2 wash basins on the right in a wooden cabinet.
658	658	10088	A white door frame leading to a room with 2 dogs in cages and on the right there is a brown table with a white bag on top.
659	659	6921	A brown table with many wooden chairs with red upholstery, a chandelier in the ceiling and a table with a large mirror on top in the background
660	660	10421	A large kitchen with many dark wooden cabinets and a silver refrigerator and ovens and windows in the background.
661	661	11269	A spacy and bright living room with a red and white sofa and 2 red arm chairs around a dark table with windows and white cabinets in the background and a ventilator on the ceiling.
662	662	57	On the left there are wooden cabinets and a wash basin, in the back there is a bath tub under a window and there is a large window on the right of the room.
663	663	9659	A large metal bed with messy sheets and a book on top and a lit lamp on a small table next to it.
664	664	11462	A wood cabin with a fireplace and windows in the back, a blue sofa on the right and a wooden chair on the left.
665	665	7190	6 wooden chairs with patterned upholstery around a wooden table with a lamp and a green curtain in the background.
666	666	93	This is a bathroom with a sink and a mirror on a small black and white cabinet with a large flower patterned object on the left of it.
667	667	100303	There is a black table with flowers in it, a black chair on the right, a black bench with white pillow in the background under a window and a ventilator with light on the ceiling.
668	668	101376	A basement game room with a table soccer table on the left, a pool table in the center and a red game table on the right.
669	669	11477	A living room with a blue sofa in the back with white lamps in each side, two arm chairs right and left and a floral pattern wallpaper in the background.
670	670	17	A bathroom with blue walls, a small wash basin on a wooden cabinet with drawers and a mirror above.
671	671	11361	A living room with a lot of furniture, a fireplace in the corner, two carpets, two lamps, and a large window to the right.
672	672	3910	A hotel bedroom with a made bed for two with a wardrobe and a bedside table with a lamp to the left.
673	673	595	A kitchen with wooden elements, a large fridge, a stove, a sink, and a kitchen island on top of which is a gas stove.
674	674	100332	An unorganized dorm room with trousers hanging on top of a chair, sneakers on the floor and a desk filled with various things.
675	675	16808	A staircase painted blue in between the steps, next to which is a door.
676	676	11194	A living room with a couch with a few coushions on it and a tree behind it.
677	677	7067	A dining room with four chairs with a shelf displaying kitchenware at the back an a window to the left.
678	678	11197	A living room with blue sofas connected to the kitchen with wooden kitchen counter elements.
679	679	100506	A living room with a flat screen tv, a zebra carpet in front of it, a black leather sofa, and two red pieces of furniture.
680	680	3233	A bedroom with a bed, a television in front of it and a window.
681	681	14967	A pantry filled with boxes, urns and other items.
682	682	2665	A bathroom with brown tiles and a bath tub.
683	683	9534	A hotel room with two beds and two desks with a large balcony overseeing a beach with palms.
684	684	6928	A dining room with a table for six, a big artificial plant in the corner and two large windows overseeing skyscrapers.
685	685	101716	A room with a pool table and several chairs placed in front of home cinema.
686	686	3693	A hotel room with a bed that has deep red ornamented sheeds on it, next to which is a bedside table with a lamp and a clock.
687	687	9573	A small hotel room with a bed and a sideboard on top of which is a television,a cell phone, a glass with a drink and other small items.
688	688	772	A living room with red wall, two white couches atop of which are two paintings, a wooden table and a large balcony with trees in the background.
689	689	90	A bathroom with turqoise tiles with a sink, an empty shelf and a towel with illustrations of bees on it.
690	690	101968	A poorly lit living room with two couches, a fireplace and a TV in the corner.
691	691	11096	A living room with three wooden shelves filled books.
692	692	10360	A kitchen with wooden countertops with two bottles of coca cola on the countertop.
693	693	16795	A tall wooden spiral staircase.
694	694	544	A modern-looking bedroom with a metal bed frame, white glossy furniture, a painting above the bad and a macbook laptop in front of the bed.
695	695	2797	A bathroom with a bathtub with a shower curtain, a toilet, a sink and a small round window above it.
696	696	14990	A pantry filled with jars, kitchen towels, bottles and baskets.
697	697	2535	A bathroom with a bathtub, a toilet and a basked filled with magazines next to the toilet.
698	698	1911	An empty attic with a few lightbulbs on top.
699	699	11245	A living room with a large white carpet, reddish floors and three painings on the wall.
700	700	302	A bedroom with custom wall to wall furniture and a bed with a lamp on both sides of it.
701	701	11302	A living room with a couch, table, and an old school fireplace in the corner.
702	702	15524	A room with a table for playing pool, a carpet and a ratan couch with red cushonsin the back.
703	703	9625	A poorly lit bedroom with a bed, a bedside table and a lamp on top of it.
704	704	392	A living room with two connected single beds with a breakfast tray and a magazine on top of one bad and with a lamp a bedside table on the side of each bed.
705	705	176	A bathroom with small brown tiles consisting of a bathtub, a sink and a mirror above the sink.
706	706	100089	A bathroom with a bath tub, a shower cubicle,a toilet and a small window.
707	707	833	A living room with two coutches, a table and a fire place on top of which is a painting.
708	708	507	A bedroom with a bed with pineapple drawings on the sheet, along with a sofa and a TV placed next within a nook with a large window depicting nature.
709	709	6981	A dining room with a wooden table, a vase with sunflowers on it, and a cottage garden in the back.
710	710	10219	A kitchen with blue walls showing a fridge from sideways across from which is a kitchen counter top.
711	711	2567	A bathroom with a shower cubicle, a sink, a bathrobe hanging on the wall and orchids laying in the corner.
712	712	3887	A bedroom with a large with a painting above it and a lamp to its right.
713	713	10613	A kitchen with two stoves, two bar chairs and a shelf displaying brass kitchenware.
714	714	9358	A desk with a computer monitor, a keyboard, a mouse and a photograph showing three people.
715	715	11236	A poorly lit living room with a few plants and a dog.
716	716	10673	A large kitchen with a round green table with four chairs.
717	717	100097	A bathroom with a sink, large mirror and a toilet on top of which is a vase with flowers.
718	718	10631	A kitchen with a stove and marble top overviewing a living room with plants.
719	719	7150	A dining room with a table set for four with a vase on it and a painting in the background.
720	720	15210	A parlor with a big wooden structure, walls covered in wallpaper with white and golden ornaments and many chairs against the wall.
721	721	4227	A wooden bed with an oval painting above it and a coffe table with two chairs anv a vase on flowers to the bed's right side.
722	722	5756	An organized clothes with clothes and shoes of vaying colors.
723	723	10180	An empty kitchen with wooden kitchen elements, red walls and a table with two chairs.
724	724	8356	A room with a table football, a small television, two chairs and a sofa.
725	725	101331	A room with a single bed with an australian flag and a shelf filled with photographs.
726	726	8346	A game room with table fotball and a red leather chair to the left of the football table.
727	727	100966	A living room with a large firepit and two white sofas.
728	728	11352	A wooden desk with a candle holder and a plant on top of it, with a mirror hanging above it and a chair in front of it.
729	729	11381	A rustic looking living room with a fireplace, a large chandelier and an uncomfortable looking furniture.
730	730	100963	A kitchen with red walls and a grey looking table set in the middle of the room.
731	731	10333	An empty kitchen with wooden elements, a large fridge, a big sink, a stove and purple walls all around.
732	732	2840	A bathroom with a bathtub, a sink and a toilet and a flower vase in the corner.
733	733	101478	A kitchen with wooden kitche nelements, black marble kitchen toop, a fridge,  a microwave, a sink and a stove .
734	734	6860	A dining room with a table with red four chairs, a garden with sunflowers to the left, and a sofa in the back of the room.
735	735	7184	A dining table with a table in front of a shelf showcasing porcelain kitchenware.
736	736	5761	A neatly organized man's closet with many suits, shoes and a chair in the middle.
737	737	2647	A bathroom with a toilet and a sink to the left.
738	738	9399	An empty room with a wooden desk with an an Apple monitor on top of it.
739	739	11178	A living room with a sofa, a tiny tv and blue walls.
740	740	679	A living room with a beige couch with many pillows, a vase of tulips and a book on the glass table in front of it and yellow walls in the background.
741	741	101506	A living room with a black sofa, a table with a canle in front of it and access to a french balcony.
742	742	71	A bathroom with a toilet and a garbage can next to it.
743	743	10566	A kitchen with a stove and a yellow wall above it.
744	744	14991	A pantry with a lot of shelves filled with jars, bottles and groceries.
745	745	2811	A moden kitchen with a walk in shower cubicle, a sink, a toilet and a large mirror spanning across the wall.
746	746	16798	A staircase in front of a door with wooden and ornamented glass elements.
747	747	11159	A cozy living room with dim light, a sofa, a fireplace and a carpet.
748	748	20052	A wine cellar with many large wooden barrels.
749	749	3220	A bedroom with a bed with red bed sheets and two pillows with green pillowcases with a yellow wall in the background.
750	750	11177	A living room with two sofas and a small television.
751	751	2877	A bathroom with a sink and a mirror above it.
752	752	10247	An empty kitchen with exposed brick, a wooden kitchen island, and a metal stove and an oven.
753	753	7210	A room with dining tables, chandeliers and floors covered in red carpet.
754	754	653	A living room with two green sofas, another yellowish sofa, a fireplace and a window.
755	755	3337	A bedroom with a bed, four lamps and a red sofa chair.
756	756	11243	An open living room with wooden furniture in white and earthy tones with a body of water in the background.
757	757	2725	A bathroom with a shower, bath tub and two sinks.
758	758	10454	A kitchen with white cabinets, baskets filled with fruits and vegatablets and a shopping bag filled with groceries sitting on top of the counter next to the sink.
759	759	15151	A baroque looking room with crystal chandelliers, everything covered in ornaments and many paintings.
760	760	7095	A dining room with a table and four chairs with patternet covers, a painting to the left, a plant to the right and windows in the back.
761	761	10426	A large room consisting of a kitchen that's connected to a dining room , with tiled floors and a fluffy carpet.
762	762	2882	A bathroom with a toilet and a sink with blue tiles and walls.
763	763	7012	A dining room with a table for six with a big fan hung on the wall behind the table.
764	764	101421	A desk with two monitors, a computer keyboard and a wireless computer mouse.
765	765	2886	A bathroom with a sink, toilet and a shower.
766	766	11333	A living room with exposed bricks, blue leather furniture, a flat screen TV and a fireplace.
767	767	7189	A dining room with a dining table and two chairs and structural elements painted in a muted lime green hue.
768	768	20062	A wine cellar with a lot of wine bottles and a barrel to the right side.
769	769	10722	A kitchen with many windows and wooden kitchen elements with two sinks.
770	770	637	An empty minimalistic kitchen with a stove and a sink.
771	771	91	A brightly lit bathroom tiled in marble with a bathtub, sink and white walls.
772	772	2489	An empty basement with a concrete structure and exposed elements.
773	773	100373	A game room with a table tennis table, vending machine, couches and a tv.
774	774	2989	A modern looking bathroom in an attic room with black striped walls and a toilet.
775	775	15776	A recreational room with a pool, table tennis, table football and air hockey.
776	776	877	A living room with green walls, white couch, a table with a fruit basked, books, flat screen tv and a painting.
777	777	9401	A home office with wooden furniture, computer equipment and an ornamental carpet.
778	778	15512	A poolroom with a pool and tiled floors.
779	779	10364	A rustic looking kitchen with two logs on top of the wall, a stove, sink, microwave and hand painted gray kitchen cabinets.
780	780	100048	An empty attic room with a window.
781	781	3641	A bedroom with two beds, a tiny television and a window.
782	782	2897	A public bathroom with three sinks, three mirrors and three soap dispensers.
783	783	645	A kitchen with a stove with wooden cabinets and counter tops and the walls covered in marble.
784	784	3360	A bedroom with a thin metal bed and two wooden bedside tablets.
785	785	3011	A bathroom with a toilet, a sink and a mirror above the sink.
786	786	869	A large expensive looking living room with leather furniture, a fire pit, a flat screen TV and an open area in the background.
787	787	2593	A bathroom with a sink, a mirror and a wall painted in blue hues.
788	788	6946	A dining room with a large wooden table with many seats.
789	789	101429	A hotel room with a two chairs, a mirror and desk on top of which are a lamp, a notebook, a telephone.
790	790	6775	A dining room with a table for four with a big windows in the background.
791	791	273	A dated looking room with a pull out couch, wooden furniture and a television.
792	792	11337	A living room with red couches, a big wooden table in the middle, a large mirror on top of a fireplace and a flat sceen TV in the corner.
793	793	10596	A kitchen with a fridge with stickers on it with a microwave on top of the fridge and a white door in the back.
794	794	2650	A bathroom with a bath tub, a toilet and a sink.
795	795	1907	An attic room that looks like a living room consisting of big white couches and many large windows.
796	796	3531	A small attic room bedroom with blue sheets and a tiny window next to the bed.
797	797	3736	A bedroom with white patterned sheets and a lamp on each side of the bed.
798	798	6897	A spacious dining room with a large dining table with large bright windows in the background with a painting hung next to them.
799	799	3520	A bedroom with a bed with red bedsheet with many ornaments, and a large window to the right.
800	800	10891	A laundry room with many washing machines or dryers and a filled laundry basked on the floor.
801	801	10518	A modern kitchen with white elements, three chairs, a fridge and a clock hung on the wall next to the window.
802	802	7175	A dining room with wooden furniture, with a mirror and a flower vase in the back.
803	803	2722	A bathroom with blue tiles, a sink and a mirror with two towels hanging on the wall to the left.
804	804	419	A bedroom in an attic room consisting of a bed in the background, a desk with a chair, and two green and gray looking sofas.
805	805	7248	A dining room with a chandelier and a set up table with five chairs.
806	806	10288	A modern looking kitchen with grey an metal cabinets, a big fridge, a pink clock to the left and a fruit basked on the kitchen counter.
807	807	100133	A bed with silky sheets and a baldachin structure with a painting of still life hung above it.
808	808	11244	A cozy rustic looking living room with a lot of floral patterns, textures, plants, lamps and wooden furniture.
809	809	6985	A dining room with a glass table and five chairs.
810	810	7088	A very luxurious room with an overdecorated crystal chandellier, ancient looking marble pillar in the back, an expensive looking wardrobe with many ornaments and red walls in the background,
811	811	9643	A hotel room with two beds with red floral sheets and two lamps to the right side of each bed.
812	812	3559	A made-up bed with a traditional-looking patterns on the bedsheets and a lamp to the left.
813	813	10748	A tiny kitchenette without a stove or a fridge with a mahogany door in the back.
814	814	11252	A tastefully decorated bright living room with a lot of white and wooden furniture.
815	815	10541	A kitchen with white cabinets, a fridge and a stove.
816	816	20145	A poorly lit dorm room with bunk beds and a large window.
817	817	11442	A living room with a fireplace, many flowers, and a staircase in the background.
818	818	9678	A hotel room with two beds with a flat screen TV in front of them, wooden furniture, and paintings on the wall. 
819	819	5770	A bright and organized closet consisting of a lot of clothes in earth tones.
820	820	9380	A desk with a computer monitor, a keyboard, a chair and gaming gear.
821	821	2983	A bathroom with black and white tiles and a french balcony with wooden doors.
